{
 "dc": {
  "beta_own": 0.21011618022696632,
  "beta_opp": 1.2275106947521792,
  "gamma": 0.2312007694293133,
  "n_matches": 128
 },
 "rf": {
  "beta_own": 0.12453037415490883,
  "beta_opp": 0.6427885957856839,
  "gamma": 0.15141822471325933,
  "n_matches": 128
 },
 "calibrated_on": [
  2018,
  2022
 ]
}