{
 "dc": {
  "beta_own": 0.21011618022696632,
  "beta_opp": 1.2275106947521792,
  "gamma": 0.2312007694293133,
  "n_matches": 128
 },
 "rf": {
  "beta_own": 0.12452989393799312,
  "beta_opp": 0.6427882819752015,
  "gamma": 0.15141827442421785,
  "n_matches": 128
 },
 "calibrated_on": [
  2018,
  2022
 ]
}